,author,title,description,url,urlToImage,publishedAt,content,source.id,source.name
0,Dell Cameron,"As FTC Chair Lina Khan’s Term Expires, Democrats Are Torn Between Donors and Their Base","New polling shows roughly 80 percent of Democrats feel the government should be doing more to take on corporate monopolies. Still, prominent party donors are urging Kamala Harris to dump Lina Khan.",https://www.wired.com/story/ftc-chair-lina-khans-democrats-donors-harris/,"https://media.wired.com/photos/66ec4e66916a40c37df10fa4/191:100/w_1280,c_limit/GettyImages-1540260535.jpg",2024-09-27T11:30:00Z,"For months, speculation has raged in Washington over the future of Lina Khan, the Federal Trade Commission chair and face of the Biden administrations crusade against monopoly power. Overturning deca… [+3239 chars]",wired,Wired
1,,Kamala Harris goes on offensive with 'tough on border' message,"In her first visit to the border since 2021, the Democratic nominee promised ""common-sense solutions"".",https://www.bbc.com/news/articles/ce9jx3zp13mo,https://ichef.bbci.co.uk/news/1024/branded_news/ecf6/live/5b915000-7d45-11ef-b53a-7bf8e64aaf04.jpg,2024-09-28T02:50:27Z,"US Vice-President Kamala Harris has made a rare trip to the US-Mexico border as she seeks to blunt Republican attacks on immigration.
Harris, who last visited the border in 2021, accused Donald Trum… [+5501 chars]",,BBC News
2,Bryan Metzger,Kamala Harris' marijuana stance is hazier than you think,"Harris has long supported marijuana reforms and once backed legalization, but it remains unclear whether she would go further than Biden.",https://www.businessinsider.com/kamala-harris-marijuana-legalization-stance-2024-9,https://i.insider.com/66f45437f9f6733e4bdf9184?width=1200&format=jpeg,2024-09-27T09:30:02Z,"With Trump signaling some support for marijuana legalization, it's still unclear whether Harris would go further than Biden.Saul Loeb/AFP via Getty Images
<ul><li>Kamala Harris has previously suppor… [+5948 chars]",business-insider,Business Insider
3,Bryan Metzger,Kamala Harris signals she'll go further than Biden on marijuana legalization,"Kamala Harris has historically supported marijuana legalization, but had yet to clarify her stance since launching her current campaign.",https://www.businessinsider.com/harris-marijuana-legalization-biden-views-election-2024-9,https://i.insider.com/66fac8a87518aa57bc9f3a1c?width=1200&format=jpeg,2024-09-30T16:40:06Z,"Vice President Kamala Harris has long held more progressive views on marijuana legalization than President Joe Biden.Chip Somodevilla/Getty Images
<ul><li>Kamala Harris may go further than Joe Biden… [+2649 chars]",business-insider,Business Insider
4,John L. Dorman,Harris' border visit isn't just aimed at Arizona. Immigration will also sway voters in states thousands of miles away.,Kamala Harris is aiming to reassure swing voters across the US that she's the candidate who'll work to deliver on immigration reform.,https://www.businessinsider.com/kamala-harris-arizona-mexico-border-security-immigration-trump-election-2024-9,https://i.insider.com/66f85ff1f44bdb4cfa37ea6b?width=1200&format=jpeg,2024-09-28T20:51:36Z,"Vice President Kamala Harris has directly attacked former President Donald Trump on immigration issues.Justin Sullivan/Getty Images
<ul><li>Kamala Harris in September visited the border for the firs… [+5977 chars]",business-insider,Business Insider
5,Matt Novak,Trump Says He’ll Prosecute Google If He Retakes Power,The former president insists Google is hiding positive news stories about him.,https://gizmodo.com/trump-says-hell-prosecute-google-if-he-retakes-power-2000504499,https://gizmodo.com/app/uploads/2024/09/trump-tie-crooked.jpg,2024-09-27T19:05:27Z,Donald Trump called for the criminal prosecution of Google by the U.S. Justice Department (DOJ) during a flurry of unhinged tweets Friday on his social media platform Truth Social. And in any other p… [+4738 chars],,Gizmodo.com
6,,Ukraine says nine killed in Russia strikes on hospital,"Officials say Sumy's hospital was hit in the morning, and was struck again as rescuers were evacuating people.",https://www.bbc.com/news/articles/ckg9lk4pz7vo,https://ichef.bbci.co.uk/news/1024/branded_news/ca31/live/6e448420-7da3-11ef-ab70-cdb03fec26f8.jpg,2024-09-28T14:27:29Z,"Nine people have been killed in twin Russian drone strikes on a hospital in Ukraine's north-eastern city of Sumy, Ukrainian officials say.
They say the building was hit on Saturday morning, and was … [+2443 chars]",,BBC News
7,The New Yorker,Could the War in Gaza Cost Kamala Harris the Election?,A co-founder of the Uncommitted National Movement tells the staff writer Andrew Marantz why Muslim voters in Michigan are turning in droves to Jill Stein—and Donald Trump.,https://www.newyorker.com/podcast/the-new-yorker-radio-hour/could-the-war-in-gaza-cost-kamala-harris-the-election,"https://media.newyorker.com/photos/663cd3037d83171cd086b2ee/16:9/w_1280,c_limit/Radio-Hour-Secondary-Segment.png",2024-09-27T18:00:00Z,"Listen and subscribe:Apple | Spotify | Google | Wherever You Listen
Sign up for our daily newsletter to get the best of The New Yorker in your in-box.
In Michigan, many votersparticularly Arab Amer… [+1355 chars]",,The New Yorker
8,Brent D. Griffiths,JD Vance has broken through during the 2024 campaign in all the wrong ways,Poll averages show that JD Vance is the least liked of the four major figures in the 2024 race. Tuesday's VP debate is his best chance to change that.,https://www.businessinsider.com/jd-vance-unpopularity-struggles-polls-vp-debate-walz-trump-harris-2024-9,https://i.insider.com/66f7ed4cf44bdb4cfa37e73f?width=1200&format=jpeg,2024-09-30T09:31:02Z,"Polls show Sen. JD Vance of Ohio is the least liked of the major presidential nominees and their respective running mates.Melissa Sue Gerrits/Getty Images
<ul><li>Sen. JD Vance is one of the least-l… [+5021 chars]",business-insider,Business Insider
9,"Leah Sarnoff, Lalee Ibssa, Soo Rin Kim, Kelsey Walsh",Trump calls for Harris to be 'impeached and prosecuted' at Pennsylvania rally,"With less than 40 days left until the election, Trump continues to escalate his personal attacks against Harris, calling for her to be ""impeached and prosecuted.""",https://abcnews.go.com/Politics/trump-calls-harris-impeached-prosecuted-pennsylvania-rally/story?id=114339363,https://i.abcnewsfe.com/a/a1486e62-a91c-48f0-a5d8-7eadeded4acd/trump-debate-presidential-ap-lv-240910-2_1726026445079_hpMain_16x9.jpg?w=1600,2024-09-30T01:09:07Z,"With less than 40 days left until November's election, former President Donald Trump continues to escalate his personal attacks against Kamala Harris, calling for the vice president to be ""impeached … [+1813 chars]",abc-news,ABC News
10,Matt Young,‘Trump Is a Scab’: Harris Campaign Fumes Over Trump’s Wild Anti-Overtime Rant,Former president Donald Trump openly admitted that he “hated” to pay his workers overtime at the Trump organization and would even replace those who spoke...,https://www.thedailybeast.com/trump-is-a-scab-harris-campaign-fumes-over-trumps-wild-anti-overtime-rant,https://media.zenfs.com/en/thedailybeast.com/4165c91f2edc403e84e5e6dcb59edb55,2024-09-30T00:01:59Z,Former president Donald Trump openly admitted that he hated to pay his workers overtime at the Trump organization and would even replace those who spoke out about itcomments the Harris campaign immed… [+3595 chars],,Daily Beast
11,Max Harrison-Caldwell,A stalled Waymo brought Kamala Harris' motorcade to a halt in SF,"The robotaxi stopped while making a U-turn, interrupting the vice president's route to the Fairmont Hotel late Friday.",https://sfstandard.com/2024/09/28/waymo-halts-kamala-harris-san-francisco-motorcade/,https://content.sfstandard.com/wp-content/uploads/2024/09/screenshot-2024-09-28-at-12-13-51-pm.png?resize=1200%2C630,2024-09-29T16:44:02Z,"A motorcade escorting Vice President Kamala Harris to San Francisco’s Fairmont Hotel was brought to a standstill late Friday by a stalled Waymo.
Video from ABC7 shows the driverless car stopping whi… [+1770 chars]",,Sfstandard.com
12,Majd Al-Waheidi,Q&A: Nevada Sen. Cortez Masto on teaming up with VP Harris as attorney generals,"Morning Edition spoke to Nevada Sen. Catherine Cortez Masto, who worked with VP Harris when the two were state attorneys general, on why that experience is relevant to being Commander in Chief.",https://www.npr.org/2024/09/26/nx-s1-5123701/kamala-harris-nevada-cortez-masto-attorney-general,https://npr.brightspotcdn.com/dims3/default/strip/false/crop/3820x2149+0+0/resize/1400/quality/100/format/jpeg/?url=http%3A%2F%2Fnpr-brightspot.s3.amazonaws.com%2Fc2%2F5d%2F227e7d844731b739271ce772c84a%2Fap24235099365318.jpg,2024-09-27T09:00:11Z,"Vice President Kamala Harris frequently talks about her time as a prosecutor and how that experience has prepared her for the White House.
Nevada Sen. Catherine Cortez Masto told Morning Edition why… [+7136 chars]",,NPR
13,COLLEEN LONG,Some Republicans distance themselves from Trump's latest attack on Harris' mental fitness,Republicans on Sunday sought to distance themselves from Donald Trump's latest insults of Democratic nominee Kamala Harris during a rambling weekend rally in...,https://www.yahoo.com/news/republicans-distance-themselves-trumps-attack-155925937.html,https://s.yimg.com/ny/api/res/1.2/tTDO6e0AGKLlp0ejZUG_hQ--/YXBwaWQ9aGlnaGxhbmRlcjt3PTEyMDA7aD02NzY-/https://media.zenfs.com/en/ap.org/b3a0f178fc82c17dccf34f91e7bd5212,2024-09-29T15:59:25Z,WASHINGTON (AP) Republicans on Sunday sought to distance themselves from Donald Trump's latest insults of Democratic nominee Kamala Harris during a rambling weekend rally in Wisconsin in which he cal… [+2914 chars],,Yahoo Entertainment
14,Rebecca Schneid,The Internet Can’t Get Over This Moment From Donald Trump’s Latest Speech,Social media users reacted to a statement made by Donald Trump during his appearance in Wisconsin.,https://time.com/7026339/donald-trump-speech-app-comment-public-reaction-kamala-harris-campaign/,https://api.time.com/wp-content/uploads/2024/09/GettyImages-2174417065.jpg?quality=85&w=1024&h=628&crop=1,2024-09-29T15:38:27Z,"As the border continues to play an important policy role in the upcoming 2024 presidential election, former President and current Republican nominee Donald Trump criticized the governments immigratio… [+3673 chars]",time,Time
15,Luke Barr,Man charged with allegedly assaulting mail carrier over 'Harris for President 'mailer,"A 61-year-old Michigan man was charged with a felony hate crime and assault for allegedly attacking a mail carrier for delivering a ""Harris for President"" mailer.",https://abcnews.go.com/US/man-charged-allegedly-assaulting-mail-carrier-delivering-harris/story?id=114302060,https://i.abcnewsfe.com/a/e318d6e7-e35f-4b84-bd46-624a42acaed3/united-states-postal-service-box-gty-jef-240927_1727473601535_hpMain_16x9.jpg?w=1600,2024-09-27T21:53:25Z,"A Michigan man was charged Friday with allegedly assaulting a mail carrier over a ""Kamala Harris for President"" mailer that the mail carrier delivered to his mailbox.
Russell Frank Valleau, 61, of F… [+1387 chars]",abc-news,ABC News
16,Simon Sharwood,Kamala Harris campaign motorcade halted by confused robotaxis,"Is this AI showing the would-be leader of the free world who's really the boss?
Artificial intelligence may have shown the would-be-leader of the free world who's really in charge, after rogue robo-taxis halted the motorcade of US vice-president – and Democra…",https://www.theregister.com/2024/09/30/kamala_harris_motorcade_waymo_delay/,https://regmedia.co.uk/2022/06/17/shutterstock_kamala_harris.jpg,2024-09-30T06:33:11Z,"Artificial intelligence may have shown the would-be-leader of the free world who's really in charge, after rogue robo-taxis halted the motorcade of US vice-president and Democratic Party presidential… [+1486 chars]",,Theregister.com
17,Matt Novak,Trump Spreads Hurricane Helene Conspiracies as Hundreds Remain Missing,Far-right influencers think Democrats can literally steer hurricanes to Republican-voting regions.,https://gizmodo.com/trump-spreads-hurricane-helene-conspiracies-as-hundreds-remain-missing-2000505112,https://gizmodo.com/app/uploads/2024/09/trump-in-georgia-hurricane.jpg,2024-09-30T19:05:48Z,Donald Trump helped spread a conspiracy theory on Monday that people currently suffering from the devastation of Hurricane Helene are being intentionally ignored because they’re Republican. The forme… [+6259 chars],,Gizmodo.com
18,The New Yorker,The Election Is Dividing Husbands and Wives Across America,"“We always have a gender gap,” the independent Democratic pollster Celinda Lake says. “It looks like it’s going to be on steroids this year.”",https://www.newyorker.com/podcast/political-scene/the-election-is-dividing-husbands-and-wives-across-america,"https://media.newyorker.com/photos/63755311573147b2b8a3132b/16:9/w_1280,c_limit/The%20Political%20Scene%20B%20Glasser%20Mayer%20Osnos%20From%20Washington.jpg",2024-09-28T10:00:00Z,"Listen and subscribe:Apple | Spotify | Google | Wherever You Listen
Sign upto receive our twice-weekly News &amp; Politics newsletter.
Recent polls suggest that American men and women are more divi… [+439 chars]",,The New Yorker
19,Dana Miranda,Your Student Loans Under Harris vs. Trump. Here's What the Experts Predict,Both presidential candidates have shared very different plans for the future of student loans programs.,https://www.cnet.com/personal-finance/loans/your-student-loans-under-harris-vs-trump-heres-what-the-experts-predict/,https://www.cnet.com/a/img/resize/ef8514f64ecfef2bc5e8e103e8d6cbfb78df7f81/hub/2024/09/26/5b0232d9-babb-4f8e-8a7a-294b8aece880/student-loan-election.png?auto=webp&fit=crop&height=675&width=1200,2024-09-29T02:03:56Z,"The future of student loan forgiveness and repayment programs could depend on whoever wins the presidency this November.
Vice President Kamala Harris and former President Donald Trump have laid out … [+6671 chars]",,CNET
20,Jim Newell,The One Unlikely Ally Eric Adams May Have Left,Donald Trump has some thoughts on the mayor’s indictment.,https://slate.com/news-and-politics/2024/09/donald-trump-eric-adams-indictment-new-york-turkey-nebraska-robinson-manchin.html,https://compote.slate.com/images/d14b3c85-de14-4877-be04-5d4e9604238d.jpeg?crop=1560%2C1040%2Cx0%2Cy0&width=1560,2024-09-28T09:45:00Z,"2. Mike McDonnell
The Nebraska Republican who was very disrespectful (so rude) to Mr. Trump.Ever since Republicans in the unicameral Nebraska Legislature earned a two-thirds supermajority in April, … [+1393 chars]",,Slate Magazine
21,Emma Bowman,Why the U.S. government is hailing Israel's killing of Hezbollah's leader as 'justice',"Hezbollah’s leader Hassan Nasrallah was killed by Israeli airstrike this weekend. The Biden administration said it gives the victims of the Iran-backed Lebanese militant group ""a measure of justice.""",https://www.npr.org/2024/09/29/g-s1-25322/biden-nasrallah-hezbollah-israel,https://npr.brightspotcdn.com/dims3/default/strip/false/crop/7406x4166+0+386/resize/1400/quality/100/format/jpeg/?url=http%3A%2F%2Fnpr-brightspot.s3.amazonaws.com%2Fd0%2F0e%2F06ee98cb4d56826d57d127cd1985%2Fap24272684699692.jpg,2024-09-29T10:27:53Z,The death of Hezbollahs leader Hassan Nasrallah by an Israeli airstrike on Saturday could reshape the war in the Middle East in ways not yet known. The civilian death toll from the strikes is likely … [+2944 chars],,NPR
22,Lloyd Lee,Mark Cuban tells 'faithful soldier' Elon Musk that Trump will eventually turn on him,"Mark Cuban called Elon Musk a ""faithful soldier"" to Donald Trump and warned that his loyalty to the former president won't always be rewarded.",https://www.businessinsider.com/mark-cuban-elon-musk-feud-donald-trump-loyalty-2024-9,https://i.insider.com/66f9c6e17518aa57bc9f1086?width=1200&format=jpeg,2024-09-29T22:44:28Z,"Mark Cuban warned Elon Musk on X that Donald Trump is only loyal to himself.Christopher Willard/ABC via Getty Images; Alain Jocard/AFP via Getty Images
<ul><li>Elon Musk shared another post on socia… [+2673 chars]",business-insider,Business Insider
23,Katie Balevic,Elon Musk's pro-Trump super PAC is running ads targeting young men who don't vote,"Elon Musk's Trump-supporting super PAC is turning its attention to young men, who turn out to vote less than young women.",https://www.businessinsider.com/elon-musk-trump-america-pac-targets-young-men-vote-2024-9,https://i.insider.com/66f86f297518aa57bc9f06ac?width=1200&format=jpeg,2024-09-29T10:19:02Z,"Elon Musk endorsed former President Donald Trump in July. Steve Granitz/FilmMagic via Getty Images
<ul><li>Elon Musk's super PAC is trying to get young men to vote for Donald Trump.</li><li>Ads by t… [+2413 chars]",business-insider,Business Insider
24,Christian Paz,Kamala Harris’s new (old) problem at the border,"It’s been one of the most obvious changes since Kamala Harris became the Democratic presidential nominee: tougher talk on the border, an emphasis on enforcement and prosecuting traffickers, and renewed support for a bipartisan bill that would keep building th…",https://www.vox.com/2024-elections/374661/kamala-harris-immigration-border-visit-arizona-activist-problem-election,https://platform.vox.com/wp-content/uploads/sites/2/2024/09/gettyimages-2166298430.jpg?quality=90&strip=all&crop=0%2C10.732984293194%2C100%2C78.534031413613&w=1200,2024-09-27T21:17:08Z,"Its been one of the most obvious changes since Kamala Harris became the Democratic presidential nominee: tougher talk on the border, an emphasis on enforcement and prosecuting traffickers, and renewe… [+6798 chars]",,Vox
25,Jean-Yves Alric,Comment Kamala Harris et Donald Trump se positionnent sur les grands dossiers technologiques ?,Les deux candidats ont des points de vue très opposés sur de nombreux sujets,https://www.presse-citron.net/comment-kamala-harris-et-donald-trump-se-positionnent-sur-les-grands-dossiers-technologiques/,https://www.presse-citron.net/app/uploads/2024/09/presidentielle-USA.jpg,2024-09-29T07:57:29Z,"Dans quelques semaines se tiendra lélection présidentielle américaine. Observée de près par lensemble de la planète, elle revêt une importance considérable cette année dans un contexte très tendu. En… [+4031 chars]",,Presse-citron
26,Le Monde,"En direct, guerre au Proche-Orient : l’armée israélienne annonce avoir « tué » Hassan Nasrallah, le leader du Hezbollah, lors du bombardement de Beyrouth","Après avoir massivement bombardé la banlieue sud de la capitale libanaise, vendredi, Israël a fait cette annoncé ce matin. Le Hezbollah, sans confirmer la mort de son leader, a reconnu que le « contact » était « perdu ». Selon un bilan provisoire des autorité…",https://www.lemonde.fr/international/live/2024/09/28/en-direct-guerre-au-proche-orient-l-armee-israelienne-annonce-avoir-tue-hassan-nasrallah-le-leader-du-hezbollah-lors-du-bombardement-de-beyrouth_6321740_3210.html,https://img.lemde.fr/2024/09/28/224/0/3504/1752/1440/720/60/0/ba0ffde_1727510139202-000-dv97445.jpg,2024-09-28T08:54:46Z,"Le chef de la diplomatie européenne, Josep Borrell, a déploré vendredi soir à lONU que « personne », pas même les Etats-Unis, ne puisse « arrêter » Benyamin Nétanyahou dans ses guerres contre le Hama… [+1237 chars]",le-monde,Le Monde
27,"Lalee Ibssa, Jolie Lash",Donald Trump suggests police being 'extraordinarily rough' would end retail theft,"At a rally in Pennsylvania on Sunday, former President Donald Trump suggested ""one rough hour"" of law enforcement would deter retail theft.",https://abcnews.go.com/US/donald-trump-suggests-police-extraordinarily-rough-end-retail/story?id=114340130,https://i.abcnewsfe.com/a/9cd1be99-5775-4b31-ae96-fea5bd4a9277/GettyImages-2174399333_1727669670051_hpMain_16x9.jpg?w=1600,2024-09-30T04:49:47Z,"At a rally in Pennsylvania on Sunday, former President Donald Trump suggested ""one rough hour"" of law enforcement would deter retail theft.
After falsely claiming crime is up in the U.S. under Presi… [+1496 chars]",abc-news,ABC News
28,,"Biden was right to stand aside in critical election, Clinton says","The former presidential hopeful tells the BBC ""the future of democracy is at stake"" in November's vote.",https://www.bbc.com/news/articles/c5y9lg50gndo,https://ichef.bbci.co.uk/news/1024/branded_news/7f88/live/d184c890-7e6d-11ef-a4d3-09b59abdbf71.jpg,2024-09-30T05:32:06Z,"Hillary Clinton has told the BBC that Joe Biden ""did the right thing"" by standing aside in the US presidential election after his stumbling debate performance against Donald Trump earlier this year.… [+3640 chars]",,BBC News
29,FAZ.NET,"Liveblog zur US-Wahl 2024: „New York Times"" ruft zur Wahl von Kamala Harris auf",Mutmaßlicher Trump-Attentäter plädiert auf „nicht schuldig“ +++ Trump beschimpft Harris als „geistig behindert“ +++ Harris besucht Grenze in Arizona +++ Melania Trump gibt erstes Interview seit zwei Jahren +++ Biden kommt im Oktober nach Deutschland +++ Alle …,https://www.faz.net/aktuell/politik/us-wahl/liveticker-us-wahl-2024-new-york-times-ruft-zur-wahl-von-kamala-harris-auf-19444916.html,https://media0.faz.net/ppmedia/aktuell/politik/21965721/1.10019618/facebook_teaser/harris-sei-laut-des-beitrages.jpg,2024-09-30T18:08:27Z,Mit besonders ausfallenden Worten hat der republikanische US-Präsidentschaftskandidat Donald Trump seine demokratische Rivalin Kamala Harris als geistig beeinträchtigt beschimpft. Joe Biden wurde gei… [+1783 chars],,Faz.net
30,Bruce Gil,Netflix cancellations surged after Reed Hastings endorsed Kamala Harris,Netflix (NFLX) saw a spike in cancellations shortly after its co-founder and chairman Reed Hastings endorsed Vice President Kamala Harris for president and made a considerable donation to support her campaign.Read more...,https://qz.com/netflix-reed-hasting-cancellations-harris-1851661012,"https://i.kinja-img.com/image/upload/c_fill,h_675,pg_1,q_80,w_1200/309279d6a60e8debf1c675db3c2960da.jpg",2024-09-30T17:28:00Z,"In This Story
Netflix (NFLX) saw a spike in cancellations shortly after its co-founder and chairman Reed Hastings endorsed Vice President Kamala Harris for president and made a considerable donation… [+1754 chars]",,Quartz India
31,Ryan Bort,Georgia’s Young Climate Voters Could Help Push Harris Past Trump,Climate-focused voters in Georgia could help Kamala Harris defeat Donald Trump in a state hit by extreme weather events like Hurricane Helene.,http://www.rollingstone.com/politics/politics-features/georgia-climate-voters-harris-hurricane-helene-1235114809/,https://www.rollingstone.com/wp-content/uploads/2024/09/climate-protest.jpg?crop=0px%2C9px%2C1800px%2C1014px&resize=1600%2C900,2024-09-29T14:00:00Z,"This article was produced by Capital &amp; Main. It is co-published by Rolling Stone with permission.
In 2020, Donald Trump lost Georgia to Joe Biden by 11,779 votes out of nearly 5 million cast in … [+6787 chars]",,Rolling Stone
32,William Vaillancourt,"‘SNL’ Weekend Update Tackles Trump Assassination Attempt, P Diddy & Eric Adams Indictments","""I’m starting to worry that bullet got a little more than just the ear,"" Jost joked, in reference to Trump's latest outlandish smear against Kamala Harris.",http://www.rollingstone.com/tv-movies/tv-movie-news/snl-weekend-update-tackles-trump-assassination-attempt-p-diddy-eric-adams-indictments-1235115616/,https://www.rollingstone.com/wp-content/uploads/2024/09/Screen-Shot-2024-09-29-at-1.24.53-AM.png?w=1357&h=694&crop=1,2024-09-29T05:36:47Z,"SNL‘s Weekend Update addressed the assassination attempt of Donald Trump in July, as well as the more recent indictments of New York City Mayor Eric Adams and rapper Sean Combs.
Co-anchor Colin Jost… [+2421 chars]",,Rolling Stone
33,tagesschau.de,Republikaner verurteilen Trumps Beleidigungen,"Kamala Harris sei ""geistig beeinträchtigt"" - Ex-US-Präsident Trump hat erneut gegen seine Rivalin ausgeteilt - diesmal besonders ausfallend. Dafür erntete er auch scharfe Kritik aus den eigenen Reihen.",https://www.tagesschau.de/ausland/amerika/kritik-trump-aeusserungen-harris-100.html,https://images.tagesschau.de/image/6b2ab632-7d5d-427b-8b63-de8419bed63e/AAABkjDLAls/AAABkZLhkrw/16x9-1280/trump-3540.jpg,2024-09-30T08:43:44Z,"Stand: 30.09.2024 10:43 Uhr
Kamala Harris sei ""geistig beeinträchtigt"" - Ex-US-Präsident Trump hat erneut gegen seine Rivalin ausgeteilt - diesmal besonders ausfallend. Dafür erntete er auch scharfe… [+2853 chars]",,tagesschau.de
34,Al Jazeera Staff,US political leaders rally behind Israel after Nasrallah killing,President Joe Biden and Vice President Kamala Harris express support despite threat of regional war.,https://www.aljazeera.com/news/2024/9/28/us-political-leaders-rally-behind-israel-after-nasrallah-killing,https://www.aljazeera.com/wp-content/uploads/2024/09/2024-09-28T132825Z_1828286714_RC2L9AADZ52P_RTRMADP_3_ISRAEL-PALESTINIANS-LEBANON-AFTERMATH-1727532541.jpg?resize=1920%2C1440,2024-09-28T20:13:44Z,"Political leaders in the United States have rallied behind Israel after massive Israeli air strikes in Beirut levelled residential buildings and killed the powerful Hezbollah chief Hassan Nasrallah.… [+2982 chars]",al-jazeera-english,Al Jazeera English
35,Sarah Beth Hensley,"Walz-Vance VP Debate: How to watch, what to know",Minnesota Gov. Tim Walz and Ohio Sen. JD Vance are set to face off in their only scheduled vice-presidential debate next week.,https://abcnews.go.com/Politics/walz-vance-vp-debate-watch/story?id=114201347,https://i.abcnewsfe.com/a/7ae13e56-512c-478c-a2e7-a8582156ec39/vance-walz-01-ss-jt-240926_1727376641113_hpMain_16x9.jpg?w=1600,2024-09-30T14:25:40Z,"Minnesota Gov. Tim Walz and Ohio Sen. JD Vance are set to hold their only scheduled vice-presidential debate on Tuesday.
The pair will face off just a few weeks after former President Donald Trump a… [+2257 chars]",abc-news,ABC News
36,Mary Louise Kelly,3 women from different backgrounds detail why they're voting for Harris,Is Georgia ready to cast its 16 electoral votes for a woman for president? We put that question to three women who have lived through a few election cycles in the state.,https://www.npr.org/2024/09/30/nx-s1-5123647/kamala-harris-georgia-women-vote-election-2024,https://npr.brightspotcdn.com/dims3/default/strip/false/crop/3000x1688+0+0/resize/1400/quality/100/format/jpeg/?url=http%3A%2F%2Fnpr-brightspot.s3.amazonaws.com%2F5f%2Fbb%2F2605f3234550a05a318e5ddbfc44%2Funtitled-design-6.jpg,2024-09-30T09:00:00Z,"The state of Georgia has never elected a female governor or U.S. senator. So, given that fact, we wanted to know: Are Georgians ready to make history and cast their 16 electoral votes for the first w… [+4502 chars]",,NPR
37,Alice Tecotzky,A researcher who studied Trump's plans to control the Fed said it could tank the economy,"Economists at a top think tank found Trump's threat to undermine the Fed would lower GDP, raise inflation, and cause capital to flow out of the US.",https://www.businessinsider.com/trump-control-federal-reserve-jerome-powell-tariffs-inflation-2024-9,https://i.insider.com/66f70ceaf9f6733e4be07f74?width=1200&format=jpeg,2024-09-29T10:00:02Z,"An economist said that undermining the independence of the Fed could shrink the American economy and cause capital to flow to other countries.Drew Angerer/Getty Images
<ul><li>Economists at the Pete… [+4288 chars]",business-insider,Business Insider
38,"Alice Tecotzky,Brent D. Griffiths,Jacob Shamsian",Eric Adams is taking a page out of the Trump playbook,"Mayor Eric Adams is denying any wrongdoing in language that mimics the former president, saying the allegations are ""based on lies.""",https://www.businessinsider.com/eric-adams-donald-trump-lawsuit-biden-immigraiton-2024-9,https://i.insider.com/66f6d56f75c877a99b61413b?width=1200&format=jpeg,2024-09-27T17:00:28Z,"In his denials of any wrongdoing, Adams is invoking many of Trump's preferred lines.Getty Images
<ul><li>Eric Adams was indicted on 5 criminal charges but denies wrongdoing in language that mirrors … [+4474 chars]",business-insider,Business Insider
39,John L. Dorman,A bloc of Trump voters in key swing states also backs Democratic Senate candidates. Here's why that matters.,A relatively small but significant bloc of Trump's backers are also voting for Democratic Senate candidates. It could help them hold their majority.,https://www.businessinsider.com/trump-harris-senate-ticket-splitting-swing-states-2024-9,https://i.insider.com/66f9b33bf44bdb4cfa37f300?width=1200&format=jpeg,2024-09-29T21:05:35Z,"A slice of voters backing former President Donald Trump are also planning to support Democratic Senate candidates.Scott Olson/Getty Images
<ul><li>Donald Trump hopes to push several swing-state GOP … [+5484 chars]",business-insider,Business Insider
40,Alice Tecotzky,Campaign staffers are stressed — and it shows in their diets,"Campaign staffers rarely have time to sit for a meal, relying instead on cigarettes and drive-thrus. Their wacky diet may reflect a dangerous culture.",https://www.businessinsider.com/campaign-election-staff-diet-coke-mcdonalds-cigarette-harris-trump-2024-9,https://i.insider.com/66e98a0dce3009a0fac6c272?width=1200&format=jpeg,2024-09-28T10:33:02Z,"Campaign staff is typically stocked with comfort food — but one can only eat pizza so many days in a row.MANDEL NGAN
<ul><li>Current and former campaign staffers told BI that they rarely have time t… [+4414 chars]",business-insider,Business Insider
41,Theron Mohamed,An uncertainty guru says investors can't dismiss doubt — and even Warren Buffett's success may be down to luck,"Don't ignore doubt even if Elon Musk or John Paulson are making predictions — and investors like Warren Buffett may just be lucky, says David Tuckett.",https://www.businessinsider.com/elon-musk-warren-buffett-investment-predictions-david-tuckett-luck-uncertainty-2024-9,https://i.insider.com/66f6b87875c877a99b612c6f?width=1200&format=jpeg,2024-09-29T09:02:02Z,"Not even Elon Musk's predictions are always accurate.Britta Pedersen-Pool/Getty Images
<ul><li>Predictions carry doubt no matter who is making them — even if it's Elon Musk or John Paulson, one expe… [+3857 chars]",business-insider,Business Insider
42,Ayomikun Adekaiyero,"Bowen Yang defended his 'Saturday Night Live' Chappell Roan Moo Deng joke, after fans accused him of making fun of her mental health struggles","Fans accused Bowen Yang of mocking Chappell Roan's request for fans to respect her boundaries with a skit where he likened her to viral pygmy hippo, Moo Deng.",https://www.businessinsider.com/saturday-night-live-snl-bowen-yang-chappell-roan-joke-deng-2024-9,https://i.insider.com/66fa7e0df44bdb4cfa37fffc?width=1200&format=jpeg,2024-09-30T11:48:40Z,"Bowen Yang dressed as the internet-famous baby hippo, Moo Deng, and Colin Jost on the September 28th episode of ""Saturday Night Live.""Will Heath / NBC via Getty Images
<ul><li>Bowen Yang poked fun a… [+4142 chars]",business-insider,Business Insider
43,,How are pronouns processed in the memory-region of our brain?,A new study shows how individual brain cells in the hippocampus respond to pronouns. 'This may help us unravel how we remember what we read.',https://www.sciencedaily.com/releases/2024/09/240927173201.htm,https://www.sciencedaily.com/images/scidaily-icon.png,2024-09-27T21:32:01Z,"Read the following sentence: ""Donald Trump and Kamala Harris walked into the bar, she sat down at a table."" We all immediately know that it was Kamala who sat at the table, not Donald. Pronouns like … [+3827 chars]",,Science Daily
44,William Vaillancourt,‘SNL’ Cold Open: Kamala Dances While Trump Longs For Old Biden,"Featuring Maya Rudolph as Harris, comedian Jim Gaffigan as Tim Walz, Andy Samberg as Doug Emhoff, and Dana Carvey as Joe Biden",http://www.rollingstone.com/tv-movies/tv-movie-news/snl-cold-open-kamala-dances-while-trump-longs-old-joe-biden-1235115618/,https://www.rollingstone.com/wp-content/uploads/2024/09/Screen-Shot-2024-09-29-at-12.24.07-AM.png?w=1358&h=705&crop=1,2024-09-29T04:40:56Z,"Saturday Night Live‘s 50th season premiered with show alum Maya Rudolph reprising her role as “fun aunt” Kamala Harris, this time holding a jovial campaign rally while Donald Trump and JD Vance try n… [+2463 chars]",,Rolling Stone
45,Tony Maglio,Netflix Cancellations Nearly Tripled After Chairman Reed Hastings Endorsed Kamala Harris,The Netflix co-founder endorsed the vice president on July 23. The five-day period of July 25-29 saw Netflix churn increase by 2.7x.,https://www.indiewire.com/news/business/netflix-cancellations-soar-chairman-reed-hastings-endorsed-kamala-harris-1235052384/,https://www.indiewire.com/wp-content/uploads/2024/09/GettyImages-695624.jpg?w=650,2024-09-30T18:30:00Z,"Netflix chairman Reed Hastings believes Kamala Harris will be good for America — even if his support for her may not be good for Netflix.
Days after Hastings, the co-founder of Netflix and former co… [+2493 chars]",,IndieWire
46,Quartz Bot,"Google on the hot seat, Intel's brutal year, and Elon Musk vs. Kamala Harris on space: Tech news roundup","According to SpaceX CEO Elon Musk, if Vice President Kamala Harris wins the 2024 presidential election, we can say goodbye to life as we know it — eventually.Read more...",https://qz.com/google-antitrust-trials-intel-elon-musk-kamala-harris-1851659741,"https://i.kinja-img.com/image/upload/c_fill,h_675,pg_1,q_80,w_1200/ba2b3ff6e6892d1abef8233898e1a987.jpg",2024-09-28T13:00:00Z,"These are perilous times for Google. Still the worlds fourth most-valuable company, earning $100 billion last year, regulators in the U.S. and Europe are increasingly frustrated by Googles monopoly o… [+215 chars]",,Quartz India
47,Quartz Staff,"Elon Musk vs. Kamala Harris, Nvidia's customers, Boeing's strike: The week's most popular stories","According to SpaceX CEO Elon Musk, if Vice President Kamala Harris wins the 2024 presidential election, we can say goodbye to life as we know it — eventually.Read more...",https://qz.com/elon-musk-kamala-harris-nvidia-ai-chips-boeing-strike-1851659906,"https://i.kinja-img.com/image/upload/c_fill,h_675,pg_1,q_80,w_1200/39e540a15af6adf70289827f98424946.jpg",2024-09-28T09:00:00Z,"Google (GOOGL) has reportedly paid $2.7 billion to acquire a chatbot that allows you to talk to AI versions of celebrities. The whopping sum, however, also brings in the companys top employees includ… [+32 chars]",,Quartz India
48,,Trump urges 'violent' police crackdown...,"Trump urges 'violent' police crackdown...

 
 
 
 (Second column, 3rd story, link)

 

 

 
 Related stories:Claims Kamala 'mentally disabled'...",https://consent.yahoo.com/v2/collectConsent?sessionId=1_cc-session_770d1747-7bf3-43fb-bab8-34d2ecd6cb02,,2024-09-30T10:46:36Z,"If you click 'Accept all', we and our partners, including 240 who are part of the IAB Transparency &amp; Consent Framework, will also store and/or access information on a device (in other words, use … [+678 chars]",,Yahoo Entertainment
49,ZEIT ONLINE: Gesellschaft - Larissa Kögl,Hurrikan Helene: Biden und Harris wollen in Hurrikan-Gebiete reisen,"Hurrikan Helene hat im Südosten der USA große Schäden angerichtet. Medienberichten zufolge starben mehr als 100 Menschen, etwa 600 Personen gelten als vermisst.",https://www.zeit.de/gesellschaft/2024-09/usa-hurrikan-helene-biden-harris-reise,https://img.zeit.de/gesellschaft/2024-09/usa-hurrikan-helene-biden-harris-reise-bild/wide__1300x731,2024-09-30T21:20:40Z,"US-Präsident Joe Biden will nach dem verheerenden Hurrikan Helene
 noch in dieser Woche in die verwüstete Region reisen. 
Es handle sich nicht nur um einen ""katastrophalen"", sondern um einen 
""his… [+2384 chars]",die-zeit,Die Zeit
50,Harrison Richlin,"Andy Samberg, Jim Gaffigan, and Dana Carvey Join Maya Rudolph for ‘SNL’ Season 50 Premiere’s Cold Open","We knew Rudolph was returning to play presidential hopeful Kamala Harris, and now we know who's playing her husband, Doug Emhoff, her VP pick, Tim Walz, and her former boss, Joe Biden.",https://www.indiewire.com/news/general-news/maya-rudolph-snl-season-50-premiere-cold-open-1235052178/,https://www.indiewire.com/wp-content/uploads/2024/09/Screenshot-2024-09-29-at-8.15.13 AM.png?w=650,2024-09-29T16:30:00Z,While it was all but official that Maya Rudolph would be playing Democratic presidential nominee Kamala Harris on “Saturday Night Live” Season 50 the minute President Joe Biden dropped out and endors… [+4066 chars],,IndieWire
51,Vinamrata Chaturvedi,"Donald Trump and Kamala Harris are neck-and-neck with crypto voters, Coinbase poll says","American cryptocurrency owners are equally divided over whether they prefer Kamala Harris or Donald Trump to take office next year, according to a new Morning Consult poll conducted for the crypto exchange Coinbase.Read more...",https://qz.com/crypto-voters-split-harris-trump-coinbase-1851660796,"https://i.kinja-img.com/image/upload/c_fill,h_675,pg_1,q_80,w_1200/1982706c501cad4c6bbd456a3e0c5ead.jpg",2024-09-30T15:41:00Z,"In This Story
American cryptocurrency owners are equally divided over whether they prefer Kamala Harris or Donald Trump to take office next year, according to a new Morning Consult poll conducted fo… [+2302 chars]",,Quartz India
52,"ZEIT ONLINE: Politik - Mounia Meiborg, Johanna Roth",US-Wahl: Wir beantworten Ihre Fragen zur US-Wahl,Warum wird in den USA dienstags gewählt? Wer sind diese Wahlleute? Und worüber stimmen die Amerikaner im November noch ab? Im Podcast klärt unsere Korrespondentin auf.,https://www.zeit.de/politik/2024-09/us-wahl-wahlsystem-kandidaten-nachrichtenpodcast,https://img.zeit.de/politik/2024-09/us-wahl-wahlsystem-kandidaten-nachrichtenpodcast-bild/wide__1300x731,2024-09-28T10:02:47Z,"Stimmabgabe im Richland County Adult Activity Center während der Vorwahlen der Republikaner in Columbia im Bundesstaat South Carolina© [M] Sam Wolfe/Reuters
Am 5. November 2024 findet in den USA die… [+4087 chars]",die-zeit,Die Zeit
53,AFP,TRUMP GOES DARK,"Donald Trump on Saturday called Democrat Kamala Harris ""mentally impaired"" and said illegal immigrants are out to cut the throats of ordinary Americans in...",https://www.yahoo.com/news/trump-launches-dark-speech-illegal-232352259.html,https://media.zenfs.com/en/afp.com/5b944cb72e2a7796bbe26f03d181cbed,2024-09-30T01:01:46Z,"Donald Trump on Saturday called Democrat Kamala Harris ""mentally impaired"" and said illegal immigrants are out to cut the throats of ordinary Americans in their own homes as he doubled down on the ra… [+3009 chars]",,Yahoo Entertainment
54,Scaachi Koul,Leave Chappell Roan Alone,"What, exactly, do you want from Chappell Roan?",https://slate.com/culture/2024/09/chappell-roan-kamala-harris-trump-politics-voting-election.html,https://compote.slate.com/images/38fcc3a4-2dbf-4f47-a204-0ae4b14d9b77.jpeg?crop=4751%2C3167%2Cx0%2Cy0&width=1560,2024-09-27T17:54:43Z,"Man, you sing a few songs about being a lesbian, and not a single person can be normal about you ever again.
Chappell Roan, the 26-year-old pop star originally from Missouri, has steadily been takin… [+7613 chars]",,Slate Magazine
55,Dominic Patten,Hollywood Turns Out In Force For Kamala Harris’ L.A. Fundraiser,"Hollywood figures made a big showing this afternoon as Vice President Kamala Harris was to make her first appearance at a Los Angeles fundraiser since becoming the Democratic nominee. Held at the JW Marriott hotel in downtown Los Angeles, today’s gathering wa…",http://deadline.com/2024/09/kamala-harris-hollywood-fundariser-1236103029/,https://deadline.com/wp-content/uploads/2024/09/Kamala-Harris.jpg?w=1024,2024-09-29T22:53:07Z,"Hollywood figures made a big showing this afternoon as Vice President Kamala Harris was to make her first appearance at a Los Angeles fundraiser since becoming the Democratic nominee.
Held at the JW… [+4139 chars]",,Deadline
56,FAZ.NET,Liveblog zur US-Wahl 2024: Trump beschimpft Harris als „geistig behindert“,"„Düstere“ Rede Trumps in Wisconsin strotzt vor Beleidigungen, Lügen +++ Harris besucht Grenze in Arizona +++ Melania Trump gibt erstes Interview seit zwei Jahren +++ Biden kommt im Oktober nach Deutschland +++ Alle Neuigkeiten im Liveblog.",https://www.faz.net/aktuell/politik/us-wahl/liveticker-us-wahl-2024-trump-beschimpft-harris-als-geistig-behindert-19444916.html,https://media0.faz.net/ppmedia/aktuell/politik/2811516205/1.10015766/facebook_teaser/mit-besonders-ausfallenden.jpg,2024-09-29T01:10:50Z,Mit besonders ausfallenden Worten hat der republikanische US-Präsidentschaftskandidat Donald Trump seine demokratische Rivalin Kamala Harris als geistig beeinträchtigt beschimpft. Joe Biden wurde gei… [+1783 chars],,Faz.net
57,Firmin DeBrabander,Kamala Harris’s Dumb and Incredibly Dangerous Rhetoric About Guns,"Until recently, Democratic candidates fled from the topic of guns. One-time campaign consultant Matt McTighe told NPR last month that in the early 2000s, his clients would shut down the conversation. “We just can’t talk about it,” he said, mimicking a client.…",https://newrepublic.com/series/50/kamala-harris-dumb-dangerous-rhetoric-guns,https://images.newrepublic.com/fe2920e73ab461b36ba91ff63ba7ec90e3c2fd04.jpeg?w=1200&h=630&crop=faces&fit=crop&fm=jpg,2024-09-30T10:00:00Z,"Until recently, Democratic candidates fled from the topic of guns. One-time campaign consultant Matt McTighe told NPR last month that in the early 2000s, his clients would shut down the conversation.… [+2001 chars]",,The New Republic
58,Al Jazeera,"Trump escalates personal attacks on rival, calls Harris ‘mentally impaired’",Trump’s rally in Pennsylvania took on similar themes as an event a day before that he described as a 'dark speech'.,https://www.aljazeera.com/news/2024/9/30/trump-escalates-personal-attacks-on-rival-calls-harris-mentally-impaired,https://www.aljazeera.com/wp-content/uploads/2024/09/2024-09-29T203635Z_1049245515_RC2KAAAA4J47_RTRMADP_3_USA-ELECTION-TRUMP-1727672373.jpg?resize=1920%2C1440,2024-09-30T06:27:37Z,"Republican presidential nominee Donald Trump has escalated his personal attacks on his Democratic rival, Kamala Harris, by repeating an insult that she was mentally impaired while also saying she sho… [+3201 chars]",al-jazeera-english,Al Jazeera English
59,Marjorie Philibert,Manger un chat ou un chien est-il plus grave que de déguster un lapin à la moutarde ?,"« Au bestiaire ! ». La fausse rumeur répandue par Donald Trump concernant les immigrés de Springfield, accusés de voler des chiens et des chats pour les manger, puise dans un imaginaire raciste ancien.",https://www.lemonde.fr/m-perso/article/2024/09/28/manger-un-chat-ou-un-chien-est-il-plus-grave-que-de-deguster-un-lapin-a-la-moutarde_6337407_4497916.html,https://img.lemde.fr/2024/09/24/572/0/4256/2837/1440/960/60/0/8791a64_1727168012663-240923-manger-chats-x-le-monde-7-c-guillaume-blot.jpg,2024-09-28T04:00:27Z,"Gourou le chat, sur une table à manger, mis en scène à Vernou-la-Celle-sur-Seine (Seine-et-Marne), le 23 septembre 2024. GUILLAUME BLOT POUR « LE MONDE »
Le 10 septembre, en plein débat contre son a… [+2703 chars]",le-monde,Le Monde
60,David A. Graham,Trump Is Taking a Dark Turn,"Over the weekend, the former president delivered a series of speeches laced with threats and nearly incomprehensible musings.",https://www.theatlantic.com/politics/archive/2024/09/trump-police-purge-violence-harris-mentally-deficient/680084/,https://cdn.theatlantic.com/thumbor/qPMLwJfWbaSbGfPvHG6LegT074c=/0x159:7475x4052/1200x625/media/img/mt/2024/09/GettyImages_2174737879/original.jpg,2024-09-30T17:22:07Z,"If you think that Donald Trump’s speeches this campaign cycle are just more of the same, consider the analysis of the person who knows more about them than anyone else.“They thought they’d be out the… [+6979 chars]",,The Atlantic
61,Nik Popli,These Are the Rules of the CBS Vice-Presidential Debate,"From hot mics to no studio audience, here are the rules for when J.D. Vance and Tim Walz face off in the CBS vice-presidential debate.",https://time.com/7026036/vance-walz-debate-rules-cbs-2024-microphones/,https://api.time.com/wp-content/uploads/2024/09/vice-president-debate-2024.jpg?quality=85&w=1200&h=628&crop=1,2024-09-27T19:11:15Z,"J.D. Vance and Tim Walz are set to face off for the first time in a vice presidential debate on Oct. 1, in what will likely be the last major debate of the 2024 election cycle.
The match-up between … [+4230 chars]",time,Time
62,,Trump and Zelensky to meet amid Republican anger,It comes amid growing anger from senior Republicans over a visit by Zelensky to swing state Pennsylvania.,https://www.bbc.com/news/articles/c7810y11dyjo,https://ichef.bbci.co.uk/news/1024/branded_news/b076/live/36a337f0-7c7c-11ef-8059-fd51cb7ae823.jpg,2024-09-27T03:13:01Z,"Donald Trump has said he will meet Ukrainian President Volodymyr Zelensky in New York on Friday.
The Republican presidential nominee told a news conference that the pair will meet around 09:45 ET (1… [+2941 chars]",,BBC News
63,Glenn Garner,Julia Louis-Dreyfus Compares Her ‘Veep’ Character To Trump: “Not A Kamala Harris Type”,"Julia Louis-Dreyfus is willing to admit her Veep character bears some similarities to a real-life presidential nominee. Amid the show’s election year resurgence, the Golden Globe winner reasoned that her morally bankrupt politician character Selina Meyer is m…",http://deadline.com/2024/09/julia-louis-dreyfus-compares-veep-character-trump-not-kamala-harris-type-1236102633/,https://deadline.com/wp-content/uploads/2024/09/Donald-Trump-Veep-Julia-Louis-Dreyfus-2-shot.jpg?w=1024,2024-09-28T17:21:50Z,"Julia Louis-Dreyfus is willing to admit her Veep character bears some similarities to a real-life presidential nominee.
Amid the show’s election year resurgence, the Golden Globe winner reasoned tha… [+1881 chars]",,Deadline
64,Ted Johnson,"News Networks Offer Dueling Chyrons, Varying Punditry In Coverage Of Kamala Harris’ Border Visit","By the time that Kamala Harris took the stage to speak about her visit to the southern border tonight, the chyrons were at the ready. Her speech was billed as a major effort to make inroads on rival Donald Trump’s signature issue and one that is perhaps her g…",http://deadline.com/2024/09/kamala-harris-border-visit-1236102329/,https://deadline.com/wp-content/uploads/2024/09/GettyImages-2174047452_e0c738.jpg?w=1024,2024-09-28T01:51:22Z,"By the time that Kamala Harris took the stage to speak about her visit to the southern border tonight, the chyrons were at the ready.
Her speech was billed as a major effort to make inroads on rival… [+4640 chars]",,Deadline
65,Ted Johnson,Dave Bautista Backs Kamala Harris In Get-Out-The-Vote Message,"Dave Bautista posted a get-out-the vote message wearing a Kamala Harris-Tim Walz shirt, as he told his social media followers “made by freedom hear.” The WWE star and actor wrote on Instagram, “Made my freedom heard. Voting early took me 20 mins—no excuses. F…",http://deadline.com/2024/09/dave-bautista-endorses-kamala-harris-1236103435/,https://deadline.com/wp-content/uploads/2024/09/Dave-Bautista-and-Kamala-Harris.jpg?w=1024,2024-09-30T15:01:33Z,"Dave Bautista posted a get-out-the vote message wearing a Kamala Harris-Tim Walz shirt, as he told his social media followers “made by freedom hear.”
The WWE star and actor wrote on Instagram, “Made… [+755 chars]",,Deadline
66,Chris DeVille,Bowen Yang Addresses Controversy Over Chappell Roan SNL Sketch,"By now we’re all familiar with Chappell Roan’s meteoric rise and her extreme distaste for the intrusions into privacy that go along with fame. In the past week, that saga has involved a lot of willful misunderstanding of Roan’s reluctant endorsement of Kamala…",https://www.stereogum.com/2282486/bowen-yang-addresses-controversy-over-chappell-roan-snl-sketch/news/,https://static.stereogum.com/uploads/2024/09/Screenshot-2024-09-30-at-3.39.54-PM-1727725231.png,2024-09-30T19:41:35Z,"By now we’re all familiar with Chappell Roan’s meteoric rise and her extreme distaste for the intrusions into privacy that go along with fame. In the past week, that saga has involved a lot of willfu… [+1640 chars]",,Stereogum
67,"Rhett Buttle, Contributor, 
 Rhett Buttle, Contributor
 https://www.forbes.com/sites/rhettbuttle/",Kamala The Capitalist: The Vice President’s New Way Forward,"On Wednesday, Vice President Kamala Harris unveiled her New Way Forward plan, which offers her economic vision for the country.",https://www.forbes.com/sites/rhettbuttle/2024/09/27/kamala-the-capitalist-the-vice-presidents-new-way-forward/,https://imageio.forbes.com/specials-images/imageserve/66f6f17b988350eeec5f2fdc/0x0.jpg?format=jpg&height=900&width=1600&fit=bounds,2024-09-27T17:57:47Z,"PITTSBURGH, PENNSYLVANIA - SEPTEMBER 25: US Vice President and Democratic nominee for President ... [+] Kamala Harris speaks at an event hosted by The Economic Club of Pittsburgh at Carnegie Mellon U… [+5232 chars]",,Forbes
68,"Brent D. Griffiths,John L. Dorman",The JD Vance and Tim Walz debate is likely the last big night of the 2024 campaign. Here's what to expect.,JD Vance and Tim Walz are both sons of the Midwest who on Tuesday are expected to clash in what will be their highest-profile appearance to date.,https://www.businessinsider.com/vance-walz-vice-presidential-debate-preview-2024-9,https://i.insider.com/66f71b39f9f6733e4be08846?width=1200&format=jpeg,2024-09-28T11:31:01Z,"Tim Walz and JD Vance will be secondary characters in their own debate.Drew Hallowell/Getty Images; Andrew Harnik/Getty Images; Brandon Bell/Getty Images; Rebecca Zisser/BI
<ul><li>Ohio Sen. JD Vanc… [+9910 chars]",business-insider,Business Insider
69,Eliza Griswold,Can Evangelicals Get Behind Harris?,"Eliza Griswold on Evangelicals for Harris, a group fighting to stop the reëlection of Donald Trump and to challenge a troubling strain of American Christianity.",https://www.newyorker.com/news/the-lede/can-evangelicals-get-behind-harris,"https://media.newyorker.com/photos/66f2e4a9c3c674effcd1751a/16:9/w_1280,c_limit/Griswold-GettyImages-2173419152.jpg",2024-09-28T10:00:00Z,"During a recent online strategy session, Jim Ball, an evangelical minister and founder of Evangelicals for Harris, lifted the United States up in prayer. We pray for the healing of our country, he of… [+10658 chars]",,The New Yorker
70,Abby Jones,Bowen Yang Parodies Charli XCX And Chappell Roan (As Moo Deng) On SNL,"A lot has happened in the past week: Charli XCX and Troye Sivan brought their Sweat Tour to New York, Kamala Harris and Donald Trump’s campaigns marched along, and the entire world fell in love with a pygmy hippopotamus. Plenty of material for SNL to work wit…",https://www.stereogum.com/2282340/bowen-yang-parodies-charli-xcx-and-chappell-roan-as-moo-deng-on-snl/news/,https://static.stereogum.com/uploads/2024/09/snl-chappell-roan-moo-deng-1727623328.jpg,2024-09-29T15:36:26Z,"A lot has happened in the past week: Charli XCX and Troye Sivan brought their Sweat Tour to New York, Kamala Harris and Donald Trump’s campaigns marched along, and the entire world fell in love with … [+1863 chars]",,Stereogum
71,FOCUS online,Neue Entgleisung im Wahlkampf - Trump bezeichnet Harris als „geistig behindert“,Donald Trump griff Kamala Harris erneut persönlich an. Die Reaktionen darauf sind gespalten. Einige Republikaner mahnten ihn zur Konzentration auf politische Themen.,https://www.focus.de/politik/ausland/us-wahl/neue-entgleisung-im-wahlkampf-trump-bezeichnet-harris-als-geistig-behindert_id_260354345.html,https://p6.focus.de/img/fotos/id_260343522/wahlkampf-in-den-usa-83587567.jpg?im=Crop%3D%280%2C140%2C1680%2C840%29%3BResize%3D%281200%2C627%29&impolicy=perceptual&quality=mediumHigh&hash=1b72d455cb6128a1da8d870191e0a8f09be31503e77cae4c7c47c65dba438c31,2024-09-30T08:53:07Z,Donald Trump griff Kamala Harris erneut persönlich an. Die Reaktionen darauf sind gespalten. Einige Republikaner mahnten ihn zur Konzentration auf politische Themen.Donald Trump wiederholte am Sonnta… [+1517 chars],focus,Focus
72,tomt,New ‘SNL’ Season 50 Promo Teases Return Of Maya Rudolph As Kamala Harris,"After the first promo for this week’s Season 50 premiere episode of Saturday Night Live leaned heavily into nostalgia, clips released today teased more topical subject matter. The first of three 30-ish second snippets contained in a video newly shared to YouT…",http://deadline.com/2024/09/snl-promo-maya-rudolph-kamala-harris-1236102355/,https://deadline.com/wp-content/uploads/2024/09/Screenshot-2024-09-27-at-5.13.34 PM.png?w=1024,2024-09-28T00:36:58Z,"After the first promo for this week’s Season 50 premiere episode of Saturday Night Live leaned heavily into nostalgia, clips released today teased more topical subject matter.
The first of three 30-… [+1431 chars]",,Deadline
73,Ted Johnson,Alanis Morissette And Halle Bailey To Perform At Kamala Harris’ Los Angeles Fundraiser,"EXCLUSIVE: Alanis Morissette and Halle Bailey are scheduled to perform at Kamala Harris’ fundraiser in Los Angeles on Sunday. The singers will be featured entertainers for the afternoon event, campaign co-chair Jeffrey Katzenberg confirmed to Deadline. The ev…",http://deadline.com/2024/09/alanis-morissette-halle-bailey-kamala-harris-fundraiser-1236102725/,https://deadline.com/wp-content/uploads/2024/09/Alanis-Morisette-Halle-Bailey-2-shot.webp?w=1024,2024-09-28T21:56:45Z,"EXCLUSIVE: Alanis Morissette and Halle Bailey are scheduled to perform at Kamala Harris‘ fundraiser in Los Angeles on Sunday.
The singers will be featured entertainers for the afternoon event, campa… [+1284 chars]",,Deadline
74,J.J. McCorvey,"This UPS driver is making $22,000 less than last year in a shift shakeup","Otis Keys II, a 41-year-old father of four, has had to work fewer hours after the new Teamsters contract raised his pay. But he still calls himself “blessed....",https://finance.yahoo.com/news/ups-driver-making-22-000-150042480.html/,https://s.yimg.com/cv/apiv2/social/images/yahoo_default_logo.png,2024-09-27T15:00:42Z,"When Otis Keys II hit top-level pay for his role at UPS in 2019, he expected to start checking items off his financial bucket list. Thats not what happened, even after the Teamsters union he belongs … [+6543 chars]",,Yahoo Entertainment
75,"Molly Bohannon, Forbes Staff, 
 Molly Bohannon, Forbes Staff
 https://www.forbes.com/sites/mollybohannon/",Trump Doubles Down On Personal Attacks Against Harris—After Republicans Condemn ‘Mentally Impaired’ Claim,Former President Donald Trump repeated claims questioning Vice President Kamala Harris’ mental capacity at a rally on Sunday.,https://www.forbes.com/sites/mollybohannon/2024/09/29/trump-doubles-down-on-personal-attacks-against-harris-after-republicans-condemn-mentally-impaired-claim/,"https://imageio.forbes.com/specials-images/imageserve/66f9b3255f02f7c18eca9deb/0x0.jpg?format=jpg&crop=1084,610,x0,y82,safe&height=900&width=1600&fit=bounds",2024-09-29T20:08:30Z,"Former President Donald Trump repeated the claim that his opponent Vice President Kamala Harris was born mentally impaired, seemingly ignoring criticism he received from some Republicans for making a… [+3473 chars]",,Forbes
76,tagesschau.de,Ukraine-Liveblog: ++ Trump kündigt Treffen mit Selenskyj an ++,"US-Präsidentschaftskandidat Trump hat angekündigt, sich heute mit dem ukrainischen Präsidenten Selenskyj zu treffen. Nach ukrainischen Angaben wurde ein Mensch bei Angriffen westlich von Cherson getötet. Die Entwicklungen im Liveblog.",https://www.tagesschau.de/newsticker/liveblog-ukraine-freitag-440.html,https://images.tagesschau.de/image/6b2ab632-7d5d-427b-8b63-de8419bed63e/AAABkjDLAls/AAABkZLhkrw/16x9-1280/trump-3540.jpg,2024-09-27T00:00:41Z,"Stand: 27.09.2024 02:08 Uhr
US-Präsidentschaftskandidat Trump hat angekündigt, sich heute mit dem ukrainischen Präsidenten Selenskyj zu treffen. Nach ukrainischen Angaben wurde ein Mensch bei Angrif… [+2506 chars]",,tagesschau.de
77,David Frum,How Walz Can Win His Debate With Vance,The Republican running mate is a head case. Use that.,https://www.theatlantic.com/politics/archive/2024/09/tim-walz-debate-jd-vance/680060/,https://cdn.theatlantic.com/thumbor/2l7UUm3gDC3-hnOqh-R3s-PsIMw=/0x43:2000x1085/1200x625/media/img/mt/2024/09/Walz_Vance_final/original.jpg,2024-09-29T12:00:00Z,Kamala Harris used Donald Trump’s psychic weaknesses against him in their televised debate on September 10. Can Governor Tim Walz do the same to Senator J. D. Vance when they meet on Tuesday?Watch wh… [+11263 chars],,The Atlantic
78,Armando Garcia,Springfield officials declined to speak with Vance amid claims about Haitian migrants,"Emails obtained by ABC News show Springfield, Ohio city officials declined to meet with former President Donald Trump’s running mate Sen. JD Vance earlier this month.",https://abcnews.go.com/Politics/springfield-city-officials-declined-call-vance-amid-baseless/story?id=114216453,https://i.abcnewsfe.com/a/fecefa21-96f9-4b14-96be-f42423319ff5/vance-03-gty-jt-240926_1727378296335_hpMain_16x9.jpg?w=1600,2024-09-27T01:03:31Z,"Springfield, Ohio, city officials declined to take a call with former President Donald Trump's running mate Ohio Sen. JD Vance earlier this month, as the Trump campaign continued to spread unsubstant… [+5654 chars]",abc-news,ABC News
79,"Lalee Ibssa, Kelsey Walsh, Soo Rin Kim",Trump says he wants 'fair deal' between Ukraine and Russia,"Former President Donald Trump touted a ""very good relationship"" with Russian President Vladimir Putin as he vowed to negotiate a ""fair deal"" for both Ukraine and Russia.",https://abcnews.go.com/Politics/trump-fair-deal-ukraine-russia/story?id=114290623,https://i.abcnewsfe.com/a/798f3f35-458e-4802-92a0-3cad835873ef/Zelenskyy-us-2-ap-jm-240927_1727456694644_hpMain_16x9.jpg?w=1600,2024-09-27T18:17:18Z,"In his meeting with Ukrainian President Volodymyr Zelenskyy, former President Donald Trump touted a ""very good relationship"" with Russia's President Vladimir Putin as he vowed to negotiate a ""fair de… [+3801 chars]",abc-news,ABC News
80,newsweek.com,Looming Port Strikes Worrying News for Kamala Harris,"The first national strike of maritime workers in nearly 50 years could be on the way, and it could bear consequences for Democratic nominee Kamala Harris in the run-up to the November presidential election.
A six-year master contract between the country's lar…",https://biztoc.com/x/de81b6a6fb068f45,https://biztoc.com/cdn/de81b6a6fb068f45_s.webp,2024-09-28T08:03:54Z,"The first national strike of maritime workers in nearly 50 years could be on the way, and it could bear consequences for Democratic nominee Kamala Harris in the run-up to the November presidential el… [+130 chars]",,Biztoc.com
81,businessinsider.com,Kamala Harris' marijuana stance is hazier than you think,"With Trump signaling some support for marijuana legalization, it's still unclear whether Harris would go further than Biden.
Saul Loeb/AFP via Getty Images
Kamala Harris has previously supported federal marijuana legalization and continues to back reforms.
Bu…",https://biztoc.com/x/380347c5ca8b3fa0,https://biztoc.com/cdn/802/og.png,2024-09-27T09:39:19Z,"With Trump signaling some support for marijuana legalization, it's still unclear whether Harris would go further than Biden.Saul Loeb/AFP via Getty ImagesKamala Harris has previously supported federa… [+141 chars]",,Biztoc.com
82,Teri Michele Youmans,"Jimmy Carter Awakened My Patriotism in 1976. As He Turns 100, I’m Finding It Again","Jimmy Carter helped awaken my patriotism in 1976. On his centennial birthday, I'm finding it again.",https://time.com/7026801/jimmy-carter-100-centennial-patriotism/,https://api.time.com/wp-content/uploads/2024/09/carter.jpg?quality=85&w=1024&h=628&crop=1,2024-09-30T21:00:00Z,"In 2017, I traveled with my two teenage children to Plains, Ga., from Jacksonville, Fla., to hear Jimmy Carter teach Sunday school at Maranatha Baptist Church.
My son Gibson asked for this trip to c… [+5954 chars]",time,Time
83,Matt Young,Trump Mocks Kamala Harris’ Latest McDonald’s Comments,"Elizabeth Frantz/Reuters
Donald Trump will not let go of his belief that Kamala Harris never worked at McDonald’s as a college student—despite her repeated insistence she has. Speaking at a press conference in New York on Thursday, the former president once …",https://www.thedailybeast.com/donald-trump-mocks-kamala-kamala-harris-latest-mcdonalds-comments,"https://img.thedailybeast.com/image/upload/c_crop,d_placeholder_euli9k,h_2169,w_3856,x_0,y_119/dpr_2.0/c_limit,w_740/fl_lossy,q_auto/v1727404140/2024-09-26T215832Z_722349419_RC2L8AAAD3PY_RTRMADP_3_USA-ELECTION-GUNS_ygnjtu",2024-09-27T03:43:14Z,"Donald Trump will not let go of his belief that Kamala Harris never worked at McDonalds as a college studentdespite her repeated insistence she has. 
Speaking at a press conference in New York on Th… [+3290 chars]",,Daily Beast
84,Tom Nichols,The Election’s No-Excuses Moment,Voters know all they need to know—especially about Trump.,https://www.theatlantic.com/newsletters/archive/2024/09/the-elections-no-excuses-moment/680092/,https://cdn.theatlantic.com/thumbor/rw7nKo3RbcFYNoLwwhETkG7vJKM=/0x520:4993x3120/1200x625/media/img/mt/2024/09/GettyImages_2167607156/original.jpg,2024-09-30T23:21:00Z,"This is an edition of The Atlantic Daily, a newsletter that guides you through the biggest stories of the day, helps you discover new ideas, and recommends the best in culture. Sign up for it here.Th… [+10167 chars]",,The Atlantic
85,Vox Staff,The latest on the fallout of Hurricane Helene,"Hurricane Helene ruined much of what it encountered in its 500-mile journey across the Southeast US, leaving Florida, Georgia, North Carolina, South Carolina, Tennessee, and Virginia to battle with record storm surge, wind damage, and catastrophic flooding. A…",https://www.vox.com/climate/374867/hurricane-helene,https://platform.vox.com/wp-content/uploads/sites/2/2024/09/GettyImages-2174219458.jpg?quality=90&strip=all&crop=0%2C10.732984293194%2C100%2C78.534031413613&w=1200,2024-09-30T19:07:51Z,"David Hester inspects the damage around his house after Hurricane Helene made landfall in Horseshoe Beach, Florida.


Hurricane Helene ruined much of what it encountered in its 500-mile journey acro… [+1285 chars]",,Vox
86,WELT,„Trump ist für das Präsidentenamt nicht geeignet“ – „New York Times“ ruft zur Wahl von Harris auf,"Kamala Harris sei die einzig patriotische Entscheidung für das Präsidentenamt: Die „New York Times“ empfiehlt ihren Lesern, ihr Kreuz am 5. November bei der demokratischen Kandidatin zu machen. Allerdings gab es auch Kritik an der Wahlkampagne von Harris.",https://www.welt.de/politik/ausland/us-wahl/article253787310/US-Wahlkampf-Trump-ist-fuer-das-Praesidentenamt-nicht-geeignet-New-York-Times-ruft-zur-Wahl-von-Harris-auf.html,https://img.welt.de/img/bildergalerien/mobile253787308/1757935507-ci16x9-w1200/Minnesotans-Head-To-The-Polls-On-First-Day-Of-Early-Voting-In-The.jpg,2024-09-30T22:43:30Z,"Kamala Harris sei die einzig patriotische Entscheidung für das Präsidentenamt: Die New York Times empfiehlt ihren Lesern, ihr Kreuz am 5. November bei der demokratischen Kandidatin zu machen. Allerdi… [+2378 chars]",,DIE WELT
87,"Conor Murray, Forbes Staff, 
 Conor Murray, Forbes Staff
 https://www.forbes.com/sites/conormurray/",Chappell Roan Cancels Appearances In New York And D.C— Her Kamala Harris Endorsement Controversy Explained,The summer’s breakout pop star angered Democrats this week for her hesitance to endorse Vice President Kamala Harris and her critical comments about both political parties.,https://www.forbes.com/sites/conormurray/2024/09/27/chappell-roan-cancels-appearances-in-new-york-and-dc--her-kamala-harris-endorsement-controversy-explained/,"https://imageio.forbes.com/specials-images/imageserve/66f6efe899d8adb9e22bf7bc/0x0.jpg?format=jpg&crop=1080,608,x230,y44,safe&height=900&width=1600&fit=bounds",2024-09-27T17:49:51Z,"Pop singer Chappell Roan, who rapidly rose to fame this year, canceled upcoming appearances at the All Things Go festivals in New York and Washington, D.C. to prioritize my health, days after she fac… [+4254 chars]",,Forbes
88,"Joseph Thorndike, Contributor, 
 Joseph Thorndike, Contributor
 https://www.forbes.com/sites/taxnotes/people/josephthorndike/",Tax History: No Tax On Tips: A Bad Idea With A Long History,Joseph J. Thorndike examines the history behind recent proposals by Vice President Kamala Harris and former President Donald Trump to exclude tipped wages from taxation.,https://www.forbes.com/sites/taxnotes/2024/09/30/tax-history-no-tax-on-tips-a-bad-idea-with-a-long-history/,https://imageio.forbes.com/specials-images/imageserve/66f9ebfdef5eaad71c7da914/0x0.jpg?format=jpg&height=900&width=1600&fit=bounds,2024-09-30T12:02:00Z,"The woman pays for the food with a card
getty
I spent my high school years working at Allens Clam House, an unpretentious but not inexpensive seafood restaurant in Westport, Connecticut. I began as… [+12725 chars]",,Forbes
89,"Dani Di Placido, Senior Contributor, 
 Dani Di Placido, Senior Contributor
 https://www.forbes.com/sites/danidiplacido/",Chappell Roan Is Fighting A Losing Battle With Her Fans,"Chappell Roan faced backlash from fans after a viral interview revealed that she didn’t want to endorse Kamala Harris, so Roan took to TikTok to clarify.",https://www.forbes.com/sites/danidiplacido/2024/09/26/chappell-roan-is-fighting-a-losing-battle-with-her-fans/,https://imageio.forbes.com/specials-images/imageserve/66f5f5b60a208205674e02c9/0x0.jpg?format=jpg&height=900&width=1600&fit=bounds,2024-09-27T00:19:55Z,"Chappell Roan sparked controversy after refusing to endorse Kamala Harris, then took to TikTok to explain her reasoning. (Photo by Erika Goldring/Getty Images)
Getty Images
Chappell Roan has again … [+5094 chars]",,Forbes
90,Scoop Harrison,Alanis Morissette to Play Kamala Harris Fundraiser,"The singer-songwriter, who is a dual Canadian-American citizen, says you oughta vote.
Alanis Morissette to Play Kamala Harris Fundraiser
Scoop Harrison",https://consequence.net/2024/09/alanis-morissette-kamala-harris-fundraiser/,https://consequence.net/wp-content/uploads/2022/07/alanis-morissette-concert-review-montreal-2022-jagged-little-pill-25th-anniversary-tour.jpg,2024-09-29T02:50:09Z,"You oughta know Alanis Morrissette is doing her part to elect Kamala Harris for president.
Last month, Donald Trump posted an especially gross AI-generated parody of Morissette’s song “Ironic,” whic… [+841 chars]",,Consequence.net
91,Jack Murray,"John Daly Reveals Happy Gilmore 2 Role, Gives Timeline for Film's Netflix Release","John Daly will be in Happy Gilmore 2. During an interview with Mike Gunzelman of OutKick, the 58-year-old professional golfer confirmed that he is in the…",https://bleacherreport.com/articles/10137480-john-daly-reveals-happy-gilmore-2-role-gives-timeline-for-films-netflix-release,"https://media.bleacherreport.com/image/upload/c_fill,g_faces,w_3800,h_2000,q_95/v1727729408/fnip2xnsgnz0mqbl9gpc.jpg",2024-09-30T21:13:12Z,"Jeff Curry/Getty Images
John Daly will be in Happy Gilmore 2.
During an interview with Mike Gunzelman of OutKick, the 58-year-old professional golfer confirmed that he is in the sequel to the 1996 … [+1027 chars]",bleacher-report,Bleacher Report
92,Marie Terrier,Donald Trump qualifie Kamala Harris de « handicapée mentale » et choque même les républicains,"Le républicain ne cesse d’attaquer sa rivale démocrate pour la présidentielle, et est de plus en plus violent.",https://www.huffingtonpost.fr/international/video/donald-trump-qualifie-kamala-harris-de-handicapee-mentale-et-choque-meme-les-republicains_240249.html,https://huffpost-focus.sirius.press/2024/09/29/88/0/1202/676/1820/1023/75/0/a4c9830_1727644417660-capture-d-a-cran-2024-09-29-231315.png,2024-09-29T21:30:11Z,"ÉTATS-UNIS - Une surenchère qui pourrait lui coûter cher. Donald Trump a provoqué la colère des démocrates mais aussi de membres du parti républicain ce dimanche 29 septembre, après avoir qualifié so… [+4181 chars]",,Le HuffPost
93,Ted Johnson,Donald Trump Threatens Prosecution Of Google Over The Display Of Negative Stories In Search Results,"Donald Trump says that he will seek the prosecution of Google, claiming that the tech giant was only “revealing and displaying” bad stories about him but positive ones about his rival, Kamala Harris. Trump’s post on Truth Social appeared to be in reaction to …",http://deadline.com/2024/09/trump-google-prosecution-search-results-1236102171/,https://deadline.com/wp-content/uploads/2024/09/GettyImages-2174234183.jpg?w=1024,2024-09-27T22:49:38Z,"Donald Trump says that he will seek the prosecution of Google, claiming that the tech giant was only “revealing and displaying” bad stories about him but positive ones about his rival, Kamala Harris.… [+2821 chars]",,Deadline
94,Matthew Strauss,Chappell Roan Cancels Headlining Festival Shows to Prioritize Health,"The breakout pop star is pulling out of All Things Go, in New York and Washington, D.C., explaining, “Things have gotten overwhelming over the past few weeks and I am really feeling it”",https://pitchfork.com/news/chappell-roan-cancels-headlining-festival-shows-to-prioritize-health/,"https://media.pitchfork.com/photos/66f6eca20baf7dd7c8cae2ba/16:9/w_1280,c_limit/Chappell-Roan.jpg",2024-09-27T17:49:44Z,"Chappell Roan has announced that she will not be performing at All Things Go this weekend. The breakout pop star had been due to play the festivals New York edition, on Saturday, September 28, and th… [+2167 chars]",,Pitchfork
95,TMZ Staff,"Man Buys Taylor Swift's Autographed Guitar at Auction, Then Destroys It","There was a whole load of teardrops on one of Taylor Swift’s old guitars -- after a man bought her prized instrument at auction ... only to immediately smash it to smithereens! The footage is going absolutely viral, showing a white-haired dude…",https://www.tmz.com/2024/09/30/taylor-swift-autographed-guitar-auction-destroys-smashes/,https://imagez.tmz.com/image/45/16by9/2024/09/30/458db2afff10466bb09e2e095784b861_xl.jpg,2024-09-30T14:39:08Z,"There was a whole load of teardrops on one of Taylor Swifts old guitars -- after a man bought her prized instrument at auction ... only to immediately smash it to smithereens!
The footage is going a… [+831 chars]",,TMZ
96,20 Minutes avec AFP (20 Minutes),Conflit au Proche-Orient : Biden et Harris satisfaits de l’assassinat par Israël du chef du Hezbollah,"La réaction des Etats-Unis, premier soutien d’Israël, contraste avec celle de l’ONU et des Européens, qui se sont d’abord inquiétés des risques d’escalade",https://www.20minutes.fr/monde/israel/4112606-20240929-conflit-proche-orient-biden-harris-satisfaits-assassinat-israel-chef-hezbollah,https://img.20mn.fr/g2Z3ltTORlaG8ys0xPk8iyk/1444x920_8773603-26-09-2024-u-s-president-joe-biden-and-democratic-presidential-nominee-vice-president-kamala-harris-arrive-for-an-event-on-curbing-gun-violence-at-the-white-house-in-washington-the-united-states-biden-signed-an-executive-order-that-seeks-to-restrict-new-technologies-that-make-guns-easier-to-fire-and-obtain-the-order-comes-just-days-after-the-mass-shooting-in-birmingham-alabama-on-september-21-that-left-four-dead-and-17-wounded-it-also-comes-as-former-president-trump-has-survived-two-attempted-assassinations-in-recent-months-stringer-sputnik-sputnik-11140035-credit-stringer-sputnik-sipa-2409271124,2024-09-29T01:58:17Z,"Cest une mort au Liban vue dun bon il par Washington. Lassassinat du chef du Hezbollah, Hassan Nasrallah, dans une frappe de larmée israélienne près de Beyrouth, est « une mesure de justice », ont ju… [+2123 chars]",,20 Minutes
97,Sylvia Hernández,Kamala Harris,"Sylvia Hernández

“We must protect the freedom that unlocks all other freedoms: our sacred right to vote.”
The post Kamala Harris appeared first on The Nation.",https://www.thenation.com/article/politics/kamala-harris/,https://www.thenation.com/wp-content/uploads/2024/09/1440_FEAT-18.jpg,2024-09-30T14:06:08Z,"Whats at stake this November is the future of our democracy. Yet Nation readers know the fight for justice, equity, and peace doesnt stop in November. Change doesnt happen overnight. We need sustaine… [+1342 chars]",,Thenation.com
98,"Alison Durkee, Forbes Staff, 
 Alison Durkee, Forbes Staff
 https://www.forbes.com/sites/alisondurkee/",What To Know About Kamala Harris’s Immigration Record Before Border Visit Today,The vice president was given a much more narrow task on immigration than her critics have claimed.,https://www.forbes.com/sites/alisondurkee/2024/09/27/what-to-know-about-kamala-harriss-immigration-record-before-border-visit-today/,"https://imageio.forbes.com/specials-images/imageserve/66f6ad080dfc93720dc3ad38/0x0.jpg?format=jpg&crop=4324,2431,x648,y752,safe&height=900&width=1600&fit=bounds",2024-09-27T13:10:18Z,"Vice President Kamala Harris will make her first visit to the U.S.-Mexico border since she became the Democratic nominee on Friday, speaking on immigration as Republicans have scrutinized her views o… [+10192 chars]",,Forbes
99,Barry Ritholtz,10 Vacation Sunday Reads,"My Sunday morning look at incompetency, corruption and policy failures: • Messing Up the Closest Thing to a Sure Thing in the Stock Market: Index funds are a great way to match the performance of the market. So why do so many investors end up falling short? (…",https://ritholtz.com/2024/09/sunday-reads-387/,https://ritholtz.com/wp-content/uploads/2024/12/microplastics.jpg,2024-09-29T10:30:19Z,Messing Up the Closest Thing to a Sure Thing in the Stock Market: Index funds are a great way to match the performance of the market. So why do so many investors end up falling short? (Wall Street Jo… [+2474 chars],,Ritholtz.com
